<?xml version="1.0" encoding="UTF-8"?>
<project-private xmlns="http://www.netbeans.org/ns/project-private/1">
    <editor-bookmarks xmlns="http://www.netbeans.org/ns/editor-bookmarks/2" lastBookmarkId="0"/>
    <open-files xmlns="http://www.netbeans.org/ns/projectui-open-files/2">
        <group>
            <file>file:/D:/School%20work/ST10033223_POE(part3)/src/st10033223_poe/part3/Task.java</file>
            <file>file:/D:/School%20work/ST10033223_POE(part3)/src/st10033223_poe/part3/ST10033223_POEPart3.java</file>
            <file>file:/D:/School%20work/ST10033223_POE(part3)/test/st10033223_poe/part3/TaskTest.java</file>
            <file>file:/D:/School%20work/ST10033223_POE(part3)/src/st10033223_poe/part3/Login.java</file>
        </group>
    </open-files>
</project-private>
